title,link
The Accidental Mathematician, https://ilaba.wordpress.com/
Babylonian Numerals, http://gwydir.demon.co.uk/jo/numbers/babylon/
Baez This Weeks Find, https://math.ucr.edu/home/baez/TWF.html
Classic Triangles, http://randomrambleramble.tumblr.com/post/169616527259/linguisticparadox-thisisntmyrealhair
Conway's Game of Life, http://www.bitstorm.org/gameoflife/
Marc Culler, http://homepages.math.uic.edu/~culler/software.html
Keenan Crane, https://www.cs.cmu.edu/~kmcrane/
Interactive Linear Algebra, https://textbooks.math.gatech.edu/ila/
Eugenia Cheng, http://eugeniacheng.com/
Fano Plane,https://blogs.scientificamerican.com/roots-of-unity/a-few-of-my-favorite-spaces-the-fano-plane/
Fractals from Classic Iterated Function, http://ecademy.agnesscott.edu/~lriddle/ifs/ifs.htm
The Geometry Center, http://www.geom.uiuc.edu/
Geometry and the City Lab, https://gatc.cs.columbia.edu/
Geometry Junkyard, http://www.ics.uci.edu/~eppstein/junkyard/
Mathematics Geneology Project, https://www.genealogy.math.ndsu.nodak.edu
Henry Segerman, http://www.segerman.org/index.html
Hopf Fibration,https://www.youtube.com/watch?v=AKotMPGFJYk
Hydrogen Orbital Viewer, http://www.falstad.com/qmatom/
Joseph Teran,https://www.math.ucla.edu/~jteran/
Justin Lanier,https://justinlanier.org/
Knot Atlas,https://katlas.org/wiki/Main_Page
Dan Margalit, https://margalit.droppages.net/
nLab,https://ncatlab.org/nlab/show/HomePage
Emmy Noether, https://www.sciencenews.org/article/emmy-noether-theorem-legacy-physics-math
Numberphile, https://www.youtube.com/user/numberphile
Online Encyclopedia of Integer Sequences,https://oeis.org/play.html
P vs NP, https://www.youtube.com/watch?v=YX40hbAHx3s
Quantum Diaries, http://www.quantumdiaries.org/2010/02/14/lets-draw-feynman-diagams/
Silvia Sellán, https://www.cs.columbia.edu/~silviasellan/
Sketches of Topology, http://sketchesoftopology.wordpress.com/
Slide Rule Meseum,http://www.sliderulemuseum.com/
Summer Geometry Institute, https://sgi.mit.edu/
The Prime Project, http://primes.utm.edu/
The Proof is Trivial, http://www.theproofistrivial.com/
Teruaki, https://aharalab.sakura.ne.jp/teruaki.html
Topology Student Resources, http://people.math.gatech.edu/~dmargalit7/tsr/index.shtml
Topology Students Workshop, https://margalit.droppages.net/tsw24/index.html
Whitney Music Box, http://whitneymusicbox.org/index.php?var=v1
Who can name the bigger number?, https://www.scottaaronson.com/writings/bignumbers.html
Xaos: Fractal Generator, http://matek.hu/xaos/doku.php
